account_id,account_type,name
user_1,User,Allison Hill
user_2,User,Noah Rhodes
user_3,User,Angie Henderson
user_4,User,Daniel Wagner
user_5,User,Cristian Santos
user_6,User,Connie Lawrence
user_7,User,Abigail Shaffer
user_8,User,Gina Moore
user_9,User,Gabrielle Davis
user_10,User,Ryan Munoz
user_11,User,Monica Herrera
user_12,User,Jamie Arnold
user_13,User,Lisa Hensley
user_14,User,Michele Williams
user_15,User,Dylan Miller
user_16,User,Brian Ramirez
user_17,User,Holly Wood
user_18,User,Derek Zuniga
user_19,User,Lisa Jackson
user_20,User,Carla Gray
user_21,User,Margaret Hawkins DDS
user_22,User,Patty Perez
user_23,User,Ethan Adams
user_24,User,Tommy Walter
user_25,User,Matthew Foster
user_26,User,Judy Baker
user_27,User,Justin Baker
user_28,User,Stephanie Ross
user_29,User,Zachary Hicks
user_30,User,Anthony Rodriguez
user_31,User,Rebecca Henderson
user_32,User,James Ferrell
user_33,User,Tricia Valencia
user_34,User,Nathan Maldonado
user_35,User,Debra Davidson
user_36,User,Jeffrey Chavez
user_37,User,Sherri Baker
user_38,User,Cassandra Gaines
user_39,User,Elizabeth Fowler
user_40,User,Brittany Farmer
user_41,User,Paula Moreno
user_42,User,Fred Smith
user_43,User,Sherry Decker
user_44,User,Anthony Humphrey
user_45,User,Angelica Tucker
user_46,User,Philip Cannon
user_47,User,John Pierce
user_48,User,Shane Henderson
user_49,User,Joshua Blair
user_50,User,Eric Carney
user_51,User,Jessica Holmes
user_52,User,Danny Morgan
user_53,User,Crystal Robinson
user_54,User,Mark Perez
user_55,User,Shannon Jones
user_56,User,Michael Lewis
user_57,User,Timothy Duncan
user_58,User,Richard Aguirre
user_59,User,Brent Jordan
user_60,User,John Daniel
user_61,User,Victoria Garcia
user_62,User,Gerald Hensley
user_63,User,Connor West
user_64,User,Donald Wright
user_65,User,Jessica Callahan
user_66,User,Amber Kidd
user_67,User,Tracy House
user_68,User,Carol Tucker
user_69,User,James Brown
user_70,User,William Baker
user_71,User,Jordan Henderson
user_72,User,Whitney Peters
user_73,User,Brittney Phillips
user_74,User,Lauren Daniels
user_75,User,Amy Silva
user_76,User,Sarah Moore
user_77,User,Angela Lopez
user_78,User,Megan Young
user_79,User,Steve Sanchez
user_80,User,Lisa Barnes
user_81,User,Kelly Donovan
user_82,User,Mike Allen
user_83,User,Michael Evans
user_84,User,Paul Jones
user_85,User,Zachary Ferrell
user_86,User,Daniel Baker
user_87,User,Shirley Suarez
user_88,User,Christopher Bass
user_89,User,Lisa Archer
user_90,User,Aimee Montoya
user_91,User,Matthew Mcmillan
user_92,User,Brian Rodriguez
user_93,User,Denise Jacobs
user_94,User,Christina Walters
user_95,User,John Whitehead
user_96,User,Anna Henderson
user_97,User,Aaron Wise
user_98,User,Deborah Figueroa
user_99,User,Jessica Smith
user_100,User,Stephen Mckee
merchant_1,Merchant,Blossom Florist & Gifts
merchant_2,Merchant,The Rustic Loaf Bakery
merchant_3,Merchant,Bella's Caf√© & Espresso
merchant_4,Merchant,Sundown Brewery
merchant_5,Merchant,Green Thumb Plant Nursery
merchant_6,Merchant,Crystal Clear Jewelers
merchant_7,Merchant,Sweet Serenity Chocolates
merchant_8,Merchant,Old Town Bookstore
merchant_9,Merchant,The Spinning Wheel Yarn Shop
merchant_10,Merchant,Blue Ribbon Butchers
