,account_id,account_type,name
0,user_1,User,Allison Hill
1,user_2,User,Noah Rhodes
2,user_3,User,Angie Henderson
3,user_4,User,Daniel Wagner
4,user_5,User,Cristian Santos
5,user_6,User,Connie Lawrence
6,user_7,User,Abigail Shaffer
7,user_8,User,Gina Moore
8,user_9,User,Gabrielle Davis
9,user_10,User,Ryan Munoz
10,user_11,User,Monica Herrera
11,user_12,User,Jamie Arnold
12,user_13,User,Lisa Hensley
13,user_14,User,Michele Williams
14,user_15,User,Dylan Miller
15,user_16,User,Brian Ramirez
16,user_17,User,Holly Wood
17,user_18,User,Derek Zuniga
18,user_19,User,Lisa Jackson
19,user_20,User,Carla Gray
20,user_21,User,Margaret Hawkins DDS
21,user_22,User,Patty Perez
22,user_23,User,Ethan Adams
23,user_24,User,Tommy Walter
24,user_25,User,Matthew Foster
25,user_26,User,Judy Baker
26,user_27,User,Justin Baker
27,user_28,User,Stephanie Ross
28,user_29,User,Zachary Hicks
29,user_30,User,Anthony Rodriguez
30,user_31,User,Rebecca Henderson
31,user_32,User,James Ferrell
32,user_33,User,Tricia Valencia
33,user_34,User,Nathan Maldonado
34,user_35,User,Debra Davidson
35,user_36,User,Jeffrey Chavez
36,user_37,User,Sherri Baker
37,user_38,User,Cassandra Gaines
38,user_39,User,Elizabeth Fowler
39,user_40,User,Brittany Farmer
40,user_41,User,Paula Moreno
41,user_42,User,Fred Smith
42,user_43,User,Sherry Decker
43,user_44,User,Anthony Humphrey
44,user_45,User,Angelica Tucker
45,user_46,User,Philip Cannon
46,user_47,User,John Pierce
47,user_48,User,Shane Henderson
48,user_49,User,Joshua Blair
49,user_50,User,Eric Carney
50,user_51,User,Jessica Holmes
51,user_52,User,Danny Morgan
52,user_53,User,Crystal Robinson
53,user_54,User,Mark Perez
54,user_55,User,Shannon Jones
55,user_56,User,Michael Lewis
56,user_57,User,Timothy Duncan
57,user_58,User,Richard Aguirre
58,user_59,User,Brent Jordan
59,user_60,User,John Daniel
60,user_61,User,Victoria Garcia
61,user_62,User,Gerald Hensley
62,user_63,User,Connor West
63,user_64,User,Donald Wright
64,user_65,User,Jessica Callahan
65,user_66,User,Amber Kidd
66,user_67,User,Tracy House
67,user_68,User,Carol Tucker
68,user_69,User,James Brown
69,user_70,User,William Baker
70,user_71,User,Jordan Henderson
71,user_72,User,Whitney Peters
72,user_73,User,Brittney Phillips
73,user_74,User,Lauren Daniels
74,user_75,User,Amy Silva
75,user_76,User,Sarah Moore
76,user_77,User,Angela Lopez
77,user_78,User,Megan Young
78,user_79,User,Steve Sanchez
79,user_80,User,Lisa Barnes
80,user_81,User,Kelly Donovan
81,user_82,User,Mike Allen
82,user_83,User,Michael Evans
83,user_84,User,Paul Jones
84,user_85,User,Zachary Ferrell
85,user_86,User,Daniel Baker
86,user_87,User,Shirley Suarez
87,user_88,User,Christopher Bass
88,user_89,User,Lisa Archer
89,user_90,User,Aimee Montoya
90,user_91,User,Matthew Mcmillan
91,user_92,User,Brian Rodriguez
92,user_93,User,Denise Jacobs
93,user_94,User,Christina Walters
94,user_95,User,John Whitehead
95,user_96,User,Anna Henderson
96,user_97,User,Aaron Wise
97,user_98,User,Deborah Figueroa
98,user_99,User,Jessica Smith
99,user_100,User,Stephen Mckee
100,merchant_1,Merchant,Blossom Florist & Gifts
101,merchant_2,Merchant,The Rustic Loaf Bakery
102,merchant_3,Merchant,Bella's Caf√© & Espresso
103,merchant_4,Merchant,Sundown Brewery
104,merchant_5,Merchant,Green Thumb Plant Nursery
105,merchant_6,Merchant,Crystal Clear Jewelers
106,merchant_7,Merchant,Sweet Serenity Chocolates
107,merchant_8,Merchant,Old Town Bookstore
108,merchant_9,Merchant,The Spinning Wheel Yarn Shop
109,merchant_10,Merchant,Blue Ribbon Butchers
